id,observed_on_string,observed_on,time_observed_at,time_zone,user_id,user_login,user_name,created_at,updated_at,quality_grade,license,url,image_url,sound_url,tag_list,description,num_identification_agreements,num_identification_disagreements,captive_cultivated,oauth_application_id,place_guess,latitude,longitude,positional_accuracy,private_place_guess,private_latitude,private_longitude,public_positional_accuracy,geoprivacy,taxon_geoprivacy,coordinates_obscured,positioning_method,positioning_device,species_guess,scientific_name,common_name,iconic_taxon_name,taxon_id
711815,2014-05-31 21:29:29,2014-05-31,2014-06-01 04:29:29 UTC,Pacific Time (US & Canada),477,loarie,Scott Loarie,2014-06-02 02:19:36 UTC,2018-11-17 12:55:56 UTC,research,CC0,http://www.inaturalist.org/observations/711815,https://inaturalist-open-data.s3.amazonaws.com/photos/894325/medium.jpg,,,"my wife and I helped some friends move and then went to two open houses, then went for a hike. On the hike, she found this dead bedbug on her scarf thinking it was a live tick. First bed-bug I've seen (assuming I'm right) wonder where it came from - an open house?? Hope it doesn't have less dead buddies",1,0,FALSE,,san francisco,37.765287,-122.445374,4375,,,,4375,,,FALSE,,manual,Cimex lectularius,Cimex lectularius,Common Bed Bug,Insecta,69658
807014,Tue Jul 29 2014 02:33:23 GMT-0700 (PDT),2014-07-29,2014-07-29 09:33:23 UTC,Pacific Time (US & Canada),3494,damontighe,Damon Tighe,2014-07-29 10:11:31 UTC,2015-08-25 14:57:28 UTC,research,CC-BY-NC,http://www.inaturalist.org/observations/807014,https://inaturalist-open-data.s3.amazonaws.com/photos/1017124/medium.jpg,,,Howard Johnson room 203,1,0,FALSE,3,"1631 Hotel Cir S, San Diego, CA, US",32.7588583333,-117.1785716667,,,,,,,,FALSE,,,Common Bed Bug,Cimex lectularius,Common Bed Bug,Insecta,69658
1944880,Fri Sep 04 2015 08:17:20 GMT-0700 (PDT),2015-09-04,2015-09-04 15:17:20 UTC,Pacific Time (US & Canada),3494,damontighe,Damon Tighe,2015-09-14 06:39:29 UTC,2017-10-02 14:41:47 UTC,research,CC-BY-NC,http://www.inaturalist.org/observations/1944880,https://inaturalist-open-data.s3.amazonaws.com/photos/2382126/medium.jpg,,,Gross mattress placed by our trash bins from neighboring building. Went to move it and ...gasp,2,0,FALSE,3,"Alameda County, US-CA, US",37.804025,-122.2650533333,,,,,,,,FALSE,,,Common Bed Bug,Cimex lectularius,Common Bed Bug,Insecta,69658
2017724,Wed Sep 30 2015 18:32:39 GMT-0700 (PDT),2015-09-30,2015-10-01 01:32:39 UTC,Pacific Time (US & Canada),3494,damontighe,Damon Tighe,2015-10-01 02:28:13 UTC,2016-09-06 01:15:13 UTC,research,CC-BY-NC,http://www.inaturalist.org/observations/2017724,https://inaturalist-open-data.s3.amazonaws.com/photos/2458299/medium.jpg,,,"2nd mattress in a month dumped by our trash cans with this pest. Mattresses from 1514 Alice Street, Oakland, CA 94612",1,0,FALSE,3,"Alameda County, US-CA, US",37.804015,-122.265027,,,,,,,,FALSE,,,Common Bed Bug,Cimex lectularius,Common Bed Bug,Insecta,69658
2449923,2015-11-29,2015-11-29,,Pacific Time (US & Canada),146486,lopez_g,,2015-12-04 16:50:24 UTC,2021-10-29 06:39:36 UTC,needs_id,CC-BY-NC,http://www.inaturalist.org/observations/2449923,https://inaturalist-open-data.s3.amazonaws.com/photos/2736256/medium.jpg,,,"A small, about 1 cm (length and width) black bug with 6 noticeable legs and 2 antennae was seen and placed on a napkin in order to capture a good visual of the bug.",1,0,FALSE,,roosevelt park los angeles,33.970652,-118.242064,194,,,,194,,,FALSE,,,–ü–æ—Å—Ç–µ–ª—å–Ω—ã–µ –∫–ª–æ–ø—ã,Cimicidae,Bed Bugs,Insecta,53667
3479852,2016/06/12 8:54 PM -0700,2016-06-12,2016-06-13 03:54:00 UTC,Arizona,477,loarie,Scott Loarie,2016-06-18 23:53:03 UTC,2016-06-19 02:15:07 UTC,research,CC0,http://www.inaturalist.org/observations/3479852,https://inaturalist-open-data.s3.amazonaws.com/photos/4046042/medium.jpg,,,,1,0,FALSE,,"Corte Madera, CA, USA",37.9282181254,-122.5243369718,2054,,,,2054,,,FALSE,,,Common Bed Bug,Cimex lectularius,Common Bed Bug,Insecta,69658
4044581,Mon Sep 05 2016 17:14:38 GMT-0700 (PDT),2016-09-05,2016-09-06 00:14:38 UTC,Pacific Time (US & Canada),3494,damontighe,Damon Tighe,2016-09-06 00:54:50 UTC,2017-09-08 04:39:26 UTC,research,CC-BY-NC,http://www.inaturalist.org/observations/4044581,https://inaturalist-open-data.s3.amazonaws.com/photos/4786533/medium.jpg,,,"Mattresses from 1514 Alice St., Oakland, CA 94612. 3rd time this year. Owner and Manager still say they don't have a problem.",2,0,FALSE,3,"1514 Alice St, Oakland, CA, US",37.803905,-122.26503,,,,,,,,FALSE,,,Common Bed Bug,Cimex lectularius,Common Bed Bug,Insecta,69658
4443396,2016/10/06 11:35 AM UTC,2016-10-06,,UTC,323026,christopher87,Christopher Bell,2016-10-27 02:48:38 UTC,2018-10-09 01:23:55 UTC,research,,http://www.inaturalist.org/observations/4443396,https://static.inaturalist.org/photos/5350703/medium.jpg,,,,1,0,FALSE,,"San Diego County, US-CA, US",32.7276362,-117.0115826,0,,,,0,,,FALSE,,,Common Bed Bug,Cimex lectularius,Common Bed Bug,Insecta,69658
4884381,2016/12/25 2:53 PM -0800,2016-12-25,2016-12-25 22:53:00 UTC,Pacific Time (US & Canada),383819,camymacy,,2017-01-02 23:00:22 UTC,2024-02-14 17:04:59 UTC,needs_id,CC-BY-NC,https://www.inaturalist.org/observations/4884381,https://inaturalist-open-data.s3.amazonaws.com/photos/5938827/medium.jpg,,,"I found a light tan colored version of this bug first but I didn't save it because it was really hard to see it crawling on my skin (it blended in with my skin color). A few days later I see this darker version crawling on my hand, so I used scotch tape to pick it up and taped it to a white piece of paper. It's the size of a speck of dust so I tried to use a magnifier glass to enlarge the image.",0,0,FALSE,,"San Francisco, CA, USA",37.7749295,-122.4194155,7493,,,,7493,,,FALSE,,,Bed bugs,Cimicidae,Bed Bugs,Insecta,53667
6637464,2017-06-05,2017-06-05,,Pacific Time (US & Canada),507906,maciasaishaxv,,2017-06-14 05:13:08 UTC,2017-06-14 05:16:31 UTC,needs_id,,https://www.inaturalist.org/observations/6637464,https://static.inaturalist.org/photos/8426533/medium.jpg,,,,0,0,FALSE,,"San Ysidro, CA",32.556526,-117.051044,257,,,,257,,,FALSE,,,Bed Bugs,Cimicidae,Bed Bugs,Insecta,53667
7034122,Wed Jul 12 2017 23:31:14 GMT-0700 (PDT),2017-07-12,2017-07-13 06:31:14 UTC,Pacific Time (US & Canada),245783,jonathan48,Jonathan Luevano,2017-07-13 06:32:28 UTC,2018-01-13 23:53:40 UTC,needs_id,,https://www.inaturalist.org/observations/7034122,https://static.inaturalist.org/photos/9024227/medium.jpg,,,Red body with black eternal spec near posterior. ,0,0,FALSE,3,"4542 Willow Brook Ave, Los Angeles, CA, US",34.0895770699,-118.290434528,32,,,,32,,,FALSE,,,Bed Bugs,Cimicidae,Bed Bugs,Insecta,53667
7363136,Sat Aug 05 2017 11:56:06 GMT-0700 (PDT),2017-08-05,2017-08-05 18:56:06 UTC,Pacific Time (US & Canada),560627,marcial1003,,2017-08-05 18:56:32 UTC,2018-10-09 01:23:32 UTC,research,,https://www.inaturalist.org/observations/7363136,https://static.inaturalist.org/photos/9547558/medium.jpg,,,,1,0,FALSE,3,"2749 Alta Vista Dr, Newport Beach, CA, US",33.6415859079,-117.8701007088,5,,,,5,,,FALSE,,,Common Bed Bug,Cimex lectularius,Common Bed Bug,Insecta,69658
7934177,2017-09-15 1:06:00 PM PDT,2017-09-15,2017-09-15 20:06:00 UTC,Pacific Time (US & Canada),624492,missmadigapola,Miss Madigapola,2017-09-15 19:59:09 UTC,2018-01-14 00:17:54 UTC,research,CC-BY-NC,https://www.inaturalist.org/observations/7934177,https://inaturalist-open-data.s3.amazonaws.com/photos/10475327/medium.jpeg,,,,1,0,FALSE,2,"Los Angeles County, US-CA, US",34.3138441468,-118.4123078013,6,,,,28832,obscured,,TRUE,,,Common Bed Bug,Cimex lectularius,Common Bed Bug,Insecta,69658
8361192,Tue Oct 10 2017 11:33:57 GMT-0700 (PDT),2017-10-10,2017-10-10 18:33:57 UTC,Pacific Time (US & Canada),560627,marcial1003,,2017-10-11 18:14:29 UTC,2021-05-28 04:00:30 UTC,needs_id,,https://www.inaturalist.org/observations/8361192,https://static.inaturalist.org/photos/11207048/medium.jpg,,,,1,0,FALSE,3,"Orange County, US-CA, US",33.7118933536,-117.7827062086,30,,,,30,,,FALSE,,,Cimex,Cimex,,Insecta,69660
8519543,Mon Oct 23 2017 07:52:44 GMT-0700 (PDT),2017-10-23,2017-10-23 14:52:44 UTC,Pacific Time (US & Canada),659961,scadorette,,2017-10-23 14:53:34 UTC,2020-02-13 15:46:22 UTC,needs_id,,https://www.inaturalist.org/observations/8519543,https://static.inaturalist.org/photos/11373292/medium.jpg,,,Found on my sweatshirt,1,0,FALSE,3,"Henry Coe State Park, Hollister, CA, US",37.0719194586,-121.3231827019,2501884,,,,2501884,,,FALSE,,,Cimex,Cimex,,Insecta,69660
9238444,Fri Dec 22 2017 06:30:31 GMT-0800 (PST),2017-12-22,2017-12-22 14:30:31 UTC,Pacific Time (US & Canada),716924,christophermayhew,Christopher Mayhew,2017-12-23 03:56:49 UTC,2018-12-01 04:56:27 UTC,research,,https://www.inaturalist.org/observations/9238444,https://static.inaturalist.org/photos/12504569/medium.jpg,,,,2,0,FALSE,3,"803 Canyon Blvd, Mammoth Lakes, CA, US",37.6469719249,-118.9991743271,56,,,,56,,,FALSE,,,Common Bed Bug,Cimex lectularius,Common Bed Bug,Insecta,69658
11926269,2018/04/29 3:39 PM PDT,2018-04-29,2018-04-29 22:39:00 UTC,Pacific Time (US & Canada),928477,giodude55,,2018-04-30 21:58:05 UTC,2021-03-28 22:11:19 UTC,research,CC-BY-NC,https://www.inaturalist.org/observations/11926269,https://inaturalist-open-data.s3.amazonaws.com/photos/17074481/medium.jpeg,,,,2,0,FALSE,,"Central LA, Los Angeles, CA, USA",34.0462833333,-118.2513888889,30,,,,30,,,FALSE,,,Common Bed Bug,Cimex lectularius,Common Bed Bug,Insecta,69658
12479925,Tue May 15 2018 01:57:28 GMT-0700 (PDT),2018-05-15,2018-05-15 08:57:28 UTC,Pacific Time (US & Canada),756602,starbug,,2018-05-15 14:19:51 UTC,2018-05-15 16:15:11 UTC,research,,https://www.inaturalist.org/observations/12479925,https://static.inaturalist.org/photos/18010923/medium.jpg,,,Dead and under a microscope at 40x zoom. Each number is about 25 microns.,1,0,FALSE,3,"West Valley College, Saratoga, CA, US",37.26592,-122.0090416667,65,,,,65,,,FALSE,,,Common Bed Bug,Cimex lectularius,Common Bed Bug,Insecta,69658
14678887,Mon Jul 23 2018 21:39:14 GMT-0700 (PDT),2018-07-23,2018-07-24 04:39:14 UTC,Pacific Time (US & Canada),748323,aristanoelle,,2018-07-24 04:54:05 UTC,2018-10-09 01:23:41 UTC,research,,https://www.inaturalist.org/observations/14678887,https://static.inaturalist.org/photos/21881926/medium.jpg,,,,1,0,FALSE,3,"32724 Salvia Cir, Winchester, CA, US",33.6178155826,-117.0887700388,33,,,,33,,,FALSE,,,Common Bed Bug,Cimex lectularius,Common Bed Bug,Insecta,69658
17214111,2018-10-05 6:08:06 AM PDT,2018-10-05,2018-10-05 13:08:06 UTC,Pacific Time (US & Canada),1254415,mona1,Mona Baiza Weber,2018-10-05 14:07:20 UTC,2018-10-09 01:29:39 UTC,research,,https://www.inaturalist.org/observations/17214111,https://static.inaturalist.org/photos/26098176/medium.jpg,,,,2,0,FALSE,2,"489 W Mulberry Ave, Porterville, CA 93257, USA",36.0837211609,-119.0280380249,,,,,,,,FALSE,gps,gps,Common Bed Bug,Cimex lectularius,Common Bed Bug,Insecta,69658
17214161,2018-10-05 6:12:17 AM PDT,2018-10-05,2018-10-05 13:12:17 UTC,Pacific Time (US & Canada),1254415,mona1,Mona Baiza Weber,2018-10-05 14:09:45 UTC,2021-02-19 19:33:10 UTC,needs_id,,https://www.inaturalist.org/observations/17214161,https://static.inaturalist.org/photos/26098275/medium.jpeg,,,,1,0,FALSE,2,"463 W Mulberry Ave, Porterville, CA 93257, USA",36.0839118958,-119.0277328491,,,,,,,,FALSE,gps,gps,–ü–æ—Å—Ç–µ–ª—å–Ω—ã–µ –∫–ª–æ–ø—ã,Cimicidae,Bed Bugs,Insecta,53667
18007818,Thu Nov 01 2018 07:31:57 GMT-0700 (PDT),2018-11-01,2018-11-01 14:31:57 UTC,Pacific Time (US & Canada),962637,kreneesheridan,,2018-11-01 14:32:02 UTC,2018-11-24 21:29:37 UTC,needs_id,,https://www.inaturalist.org/observations/18007818,https://static.inaturalist.org/photos/27529277/medium.jpg,,,,0,0,FALSE,3,"1220 Concord Ave, Concord, CA, US",37.979930914,-122.0531541948,10,,,,10,,,FALSE,,,Bed Bugs,Cimicidae,Bed Bugs,Insecta,53667
19219191,Thu Dec 20 2018 06:21:54 GMT-0800 (PST),2018-12-20,2018-12-20 14:21:54 UTC,Pacific Time (US & Canada),979475,steven173,Steven Rappolee,2018-12-25 22:04:58 UTC,2019-02-21 18:09:59 UTC,research,,https://www.inaturalist.org/observations/19219191,https://static.inaturalist.org/photos/29522824/medium.jpg,,,,2,0,FALSE,3,"145 Taylor St, San Francisco, CA, US",37.7836916667,-122.4113616667,65,,,,65,,,FALSE,,,Common Bed Bug,Cimex lectularius,Common Bed Bug,Insecta,69658
28890339,2019-07-15 1:29:56 PM PDT,2019-07-15,2019-07-15 20:29:56 UTC,Pacific Time (US & Canada),1988642,ricvan,Ric Van,2019-07-15 21:00:43 UTC,2019-08-14 19:53:29 UTC,needs_id,,https://www.inaturalist.org/observations/28890339,https://static.inaturalist.org/photos/45060798/medium.jpeg,,,Bedbug,0,0,FALSE,2,"West Side Memorial Park, Tuolumne, CA 95379, USA",37.9609293401,-120.2380191162,263,,,,263,,,FALSE,gps,gps,Bed Bugs,Cimicidae,Bed Bugs,Insecta,53667
30238824,2019-08-05 6:14:00 AM PDT,2019-08-05,2019-08-05 13:14:00 UTC,Pacific Time (US & Canada),1969481,chinshsh,,2019-08-05 13:14:37 UTC,2020-03-02 18:10:42 UTC,needs_id,CC-BY-NC,https://www.inaturalist.org/observations/30238824,https://inaturalist-open-data.s3.amazonaws.com/photos/47233580/medium.jpeg,,,,1,0,FALSE,2,"Lakeside, CA, USA",32.84738084,-116.88516563,9,,,,9,,,FALSE,,,Cimex,Cimex,,Insecta,69660
31293564,2019/07/16,2019-07-16,,Pacific Time (US & Canada),1517204,shelley_b,,2019-08-22 15:29:31 UTC,2020-01-01 02:28:38 UTC,needs_id,CC-BY-NC,https://www.inaturalist.org/observations/31293564,https://inaturalist-open-data.s3.amazonaws.com/photos/48962631/medium.jpg,,,,1,0,FALSE,,"Fahrens Park area, Merced, CA",37.3268430431,-120.494956316,752,,,,752,,,FALSE,,,Cimex,Cimex,,Insecta,69660
33107236,Fri Sep 20 2019 18:38:53 GMT-0700 (PDT),2019-09-20,2019-09-21 01:38:53 UTC,Pacific Time (US & Canada),160274,camerondeckert,Cameron Eckert,2019-09-21 01:43:04 UTC,2022-11-26 05:13:37 UTC,research,CC-BY-NC,https://www.inaturalist.org/observations/33107236,https://inaturalist-open-data.s3.amazonaws.com/photos/51969619/medium.jpg,,,On the bed in the hotel.,1,0,FALSE,3,"Main St, Morro Bay, CA, US",35.370455,-120.8495033333,5,,,,5,,,FALSE,,,Common Bed Bug,Cimex lectularius,Common Bed Bug,Insecta,69658
34593316,2019/09/07 11:17 PM PDT,2019-09-07,2019-09-08 06:17:00 UTC,Pacific Time (US & Canada),2184715,yealee0401,,2019-10-19 18:10:32 UTC,2021-03-28 22:11:00 UTC,research,CC-BY-NC,https://www.inaturalist.org/observations/34593316,https://inaturalist-open-data.s3.amazonaws.com/photos/54458086/medium.jpg,,,,1,0,FALSE,,"Alhambra, CA, USA",34.0972222222,-118.1344444444,,,,,,,,FALSE,,,Common Bed Bug,Cimex lectularius,Common Bed Bug,Insecta,69658
36492688,Sun Dec 08 2019 21:56:29 GMT-0800 (PST),2019-12-08,2019-12-08 21:56:29 UTC,UTC,2182251,daogiang,,2019-12-09 05:56:32 UTC,2019-12-11 21:13:31 UTC,research,CC-BY-NC,https://www.inaturalist.org/observations/36492688,https://inaturalist-open-data.s3.amazonaws.com/photos/57692300/medium.jpg,,,,2,0,FALSE,3,"Montecito Vista Dr, San Jose, CA, US",37.2913499742,-121.8522153227,65,,,,65,,,FALSE,,,Common Bed Bug,Cimex lectularius,Common Bed Bug,Insecta,69658
37478465,2019/12/11 1:09 AM PST,2019-12-11,2019-12-11 09:09:00 UTC,Pacific Time (US & Canada),6971,silversea_starsong,James Bailey,2020-01-11 07:10:52 UTC,2020-01-11 16:07:22 UTC,research,CC-BY-NC,https://www.inaturalist.org/observations/37478465,https://inaturalist-open-data.s3.amazonaws.com/photos/59421211/medium.jpeg,,,,1,0,FALSE,,"Rohnert Park, CA, USA",38.3488766667,-122.71641,,,,,,,,FALSE,,,Common Bed Bug,Cimex lectularius,Common Bed Bug,Insecta,69658
39780810,Mon Mar 09 2020 18:08:53 GMT-0700 (PDT),2020-03-09,2020-03-10 01:08:53 UTC,Pacific Time (US & Canada),952718,kamedaphor,,2020-03-10 01:23:26 UTC,2020-03-11 22:58:23 UTC,needs_id,CC-BY-NC,https://www.inaturalist.org/observations/39780810,https://inaturalist-open-data.s3.amazonaws.com/photos/63148049/medium.jpg,,,About 1 mm or less,0,0,FALSE,3,"California, US",37.2145195928,-121.974136676,61,,,,28417,obscured,,TRUE,,,Cimex,Cimex,,Insecta,69660
41216539,2020-04-01 11:51:34 PM PDT,2020-04-01,2020-04-02 06:51:34 UTC,Pacific Time (US & Canada),1014512,maplesm,,2020-04-02 06:53:37 UTC,2022-11-26 06:17:52 UTC,research,CC-BY-NC,https://www.inaturalist.org/observations/41216539,https://inaturalist-open-data.s3.amazonaws.com/photos/65365975/medium.jpeg,,,,1,0,FALSE,2,"Eastlake Vistas, Chula Vista, CA, USA",32.6294915,-116.9399175,21,,,,21,,,FALSE,,,Common Bed Bug,Cimex lectularius,Common Bed Bug,Insecta,69658
45492197,2020-05-10 9:28:15 AM PDT,2020-05-10,2020-05-10 16:28:15 UTC,Pacific Time (US & Canada),2939241,santiagourbina,santiago urbina,2020-05-10 16:29:33 UTC,2020-06-12 20:50:50 UTC,needs_id,,https://www.inaturalist.org/observations/45492197,https://static.inaturalist.org/photos/72139713/medium.jpeg,,,,0,0,FALSE,2,"Los Angeles, CA 91325, EE. UU.",34.23797761,-118.5213017,7,,,,7,,,FALSE,,,,Cimicidae,Bed Bugs,Insecta,53667
46388764,2020/05/16 7:03 PM PDT,2020-05-16,2020-05-17 02:03:00 UTC,Pacific Time (US & Canada),791120,sanjoaquinserpents,Noah M. Morales,2020-05-18 16:42:57 UTC,2023-02-20 23:52:55 UTC,research,CC-BY-NC,https://www.inaturalist.org/observations/46388764,https://inaturalist-open-data.s3.amazonaws.com/photos/73574772/medium.jpeg,,,https://www.inaturalist.org/observations/46268971 for bat identified as Parastrellus hesperus.,1,0,FALSE,,"California, US",35.6677088028,-118.3650952677,64,,,,28649,obscured,,TRUE,,,Bat Bug,Cimex pilosellus,Western Bat Bug,Insecta,130009
50349211,Sat Jun 20 2020 16:16:13 GMT-0700 (PDT),2020-06-20,2020-06-20 23:16:13 UTC,Pacific Time (US & Canada),2741766,ricardoblack,Ricardo Black,2020-06-21 00:52:57 UTC,2020-06-21 04:19:41 UTC,research,,https://www.inaturalist.org/observations/50349211,https://static.inaturalist.org/photos/79948967/medium.jpg,,,"It was found in a display couch in Costco !ü•¥ü§¢üò£ I killed the bug, there was only one spotted!",1,0,FALSE,3,"Verne Roberts Cir, Antioch, CA, US",38.00864167,-121.835555,65,,,,65,,,FALSE,,,Common Bed Bug,Cimex lectularius,Common Bed Bug,Insecta,69658
51043045,Fri Jun 26 2020 15:07:05 GMT-0700 (PDT),2020-06-26,2020-06-26 22:07:05 UTC,Pacific Time (US & Canada),2838099,kanu1,,2020-06-27 00:07:18 UTC,2020-06-27 00:12:15 UTC,needs_id,CC-BY-NC,https://www.inaturalist.org/observations/51043045,https://inaturalist-open-data.s3.amazonaws.com/photos/81079734/medium.jpg,,,"In home 
",0,0,FALSE,3,"Colin L. Powell Academy for Success, Long Beach, CA, US",33.8640087809,-118.204368051,11366,,,,11366,,,FALSE,,,,Cimicidae,Bed Bugs,Insecta,53667
51361585,Mon Jun 29 2020 07:23:01 GMT-0700 (PDT),2020-06-29,2020-06-29 14:23:01 UTC,Pacific Time (US & Canada),34631,eme,,2020-06-29 14:28:28 UTC,2022-11-26 06:20:09 UTC,research,CC-BY-NC,https://www.inaturalist.org/observations/51361585,https://inaturalist-open-data.s3.amazonaws.com/photos/81595741/medium.jpg,,,Wyndham Hotel bed ,1,0,FALSE,3,"W Airport Dr, Visalia, CA, US",36.32620333,-119.39186167,65,,,,65,,,FALSE,,,Common Bed Bug,Cimex lectularius,Common Bed Bug,Insecta,69658
52010199,Sun Jul 05 2020 05:40:08 GMT-0700 (PDT),2020-07-05,2020-07-05 12:40:08 UTC,Pacific Time (US & Canada),451852,gary_wallen,Gary Wallen,2020-07-05 12:50:48 UTC,2021-03-28 22:11:10 UTC,research,CC-BY-NC,https://www.inaturalist.org/observations/52010199,https://inaturalist-open-data.s3.amazonaws.com/photos/82660519/medium.jpg,,,,1,0,FALSE,3,"S Orange Dr, Los Angeles, CA, US",34.0509857002,-118.345427984,22,,,,22,,,FALSE,,,Common Bed Bug,Cimex lectularius,Common Bed Bug,Insecta,69658
52098559,Sun Jul 05 2020 18:05:35 GMT-0700 (PDT),2020-07-05,2020-07-06 01:05:35 UTC,Pacific Time (US & Canada),3230056,ameliameck,,2020-07-06 01:09:38 UTC,2022-11-26 06:20:21 UTC,research,CC-BY-NC,https://www.inaturalist.org/observations/52098559,https://inaturalist-open-data.s3.amazonaws.com/photos/82800039/medium.jpg,,,,1,0,FALSE,3,"Covington Way, Goleta, CA, US",34.4448961512,-119.8371838056,2115,,,,2115,,,FALSE,,,Common Bed Bug,Cimex lectularius,Common Bed Bug,Insecta,69658
52426968,2020-07-08 6:15:01 PM PDT,2020-07-08,2020-07-09 01:15:01 UTC,Pacific Time (US & Canada),1913062,insanenutman,,2020-07-09 01:16:22 UTC,2022-11-26 05:08:16 UTC,research,CC-BY-NC,https://www.inaturalist.org/observations/52426968,https://inaturalist-open-data.s3.amazonaws.com/photos/83340779/medium.jpeg,,,Yuck Craigslist,1,0,FALSE,2,"Granite Bay, CA, USA",38.7416099405,-121.1925116926,1924,,,,1924,,,FALSE,gps,gps,Common Bed Bug,Cimex lectularius,Common Bed Bug,Insecta,69658
53052250,Tue Jul 14 2020 07:45:31 GMT-0700 (PDT),2020-07-14,2020-07-14 14:45:31 UTC,Pacific Time (US & Canada),451852,gary_wallen,Gary Wallen,2020-07-14 14:47:52 UTC,2023-12-04 05:21:38 UTC,research,CC-BY-NC,https://www.inaturalist.org/observations/53052250,https://inaturalist-open-data.s3.amazonaws.com/photos/84363515/medium.jpg,,,,2,0,FALSE,3,"S Orange Dr, Los Angeles, CA, US",34.0509338441,-118.34536518,22,,,,22,,,FALSE,,,Common Bed Bug,Cimex lectularius,Common Bed Bug,Insecta,69658
54889175,Thu Jul 30 2020 16:06:22 GMT-0700 (PDT),2020-07-30,2020-07-30 23:06:22 UTC,Pacific Time (US & Canada),25574,marzduffy,Mary Duffy,2020-07-30 23:16:22 UTC,2020-07-31 06:47:45 UTC,needs_id,CC-BY-NC,https://www.inaturalist.org/observations/54889175,https://inaturalist-open-data.s3.amazonaws.com/photos/87364630/medium.jpg,,,"On Canyon Bat, Parastrellus Hesperus
",0,0,FALSE,3,"Deerhorn Valley Rd, Jamul, CA, US",32.652625,-116.70749667,16,,,,16,,,FALSE,,,Conex pilosellus,Cimex,,Insecta,69660
58126666,Sat Oct 21 2017 12:37:52 GMT-0700 (PDT),2017-10-21,2017-10-21 19:37:52 UTC,Pacific Time (US & Canada),3538435,variamo,,2020-08-31 07:15:46 UTC,2023-06-16 09:11:31 UTC,research,CC-BY-NC,https://www.inaturalist.org/observations/58126666,https://inaturalist-open-data.s3.amazonaws.com/photos/92775279/medium.jpg,,,,1,0,FALSE,3,"38th St, San Diego, CA, US",32.750773263,-117.1116977715,24,,,,24,,,FALSE,,,Common Bed Bug,Cimex lectularius,Common Bed Bug,Insecta,69658
58170348,2020/08/30 8:53 PM PDT,2020-08-30,2020-08-31 03:53:00 UTC,Pacific Time (US & Canada),1420389,joescience1,,2020-08-31 18:47:38 UTC,2021-02-22 11:26:39 UTC,needs_id,CC-BY-NC,https://www.inaturalist.org/observations/58170348,https://inaturalist-open-data.s3.amazonaws.com/photos/92845910/medium.jpg,,,,3,1,FALSE,,"Serene Lakes, Soda Springs, Placer County, CA, USA",39.3066304789,-120.380632685,4,,,,4,,,FALSE,,,Cimex,Cimex,,Insecta,69660
59995000,Fri Sep 18 2020 11:42:02 GMT-0700 (PDT),2020-09-18,2020-09-18 18:42:02 UTC,Pacific Time (US & Canada),347600,rachall,Rachel Allingham,2020-09-18 18:49:25 UTC,2023-07-07 22:47:49 UTC,research,CC-BY,https://www.inaturalist.org/observations/59995000,https://inaturalist-open-data.s3.amazonaws.com/photos/95901137/medium.jpg,,,"This was crawling on my boyfriend‚Äôs wall. The pronotum hairs are shorter than eye width, so I‚Äôm guessing it‚Äôs a bed bug, but not certain.",1,0,FALSE,3,"Edgewood Dr, La Mesa, CA, US",32.76023833,-116.99632167,12,,,,12,,,FALSE,,,Common Bed Bug,Cimex lectularius,Common Bed Bug,Insecta,69658
61414589,Thu Oct 01 2020 11:54:01 GMT-0700 (PDT),2020-10-01,2020-10-01 18:54:01 UTC,Pacific Time (US & Canada),3688256,hopkinsrjh,,2020-10-01 18:54:10 UTC,2023-07-03 09:15:03 UTC,research,CC-BY-NC,https://www.inaturalist.org/observations/61414589,https://inaturalist-open-data.s3.amazonaws.com/photos/98274379/medium.jpg,,,,3,0,FALSE,3,"Elderberry Ln, Arcade, CA, US",38.5757209328,-121.368341709,65,,,,65,,,FALSE,,,Common Bed Bug,Cimex lectularius,Common Bed Bug,Insecta,69658
61641174,2020-09-02 3:13:03 PM PDT,2020-09-02,2020-09-02 22:13:03 UTC,Pacific Time (US & Canada),3705004,devildoc1,Raul Montes,2020-10-04 04:03:04 UTC,2020-11-07 05:49:09 UTC,research,,https://www.inaturalist.org/observations/61641174,https://static.inaturalist.org/photos/98658290/medium.jpeg,,,"Adult bedbug, final instar. Appears to be a male.",1,0,FALSE,2,"Jesmond Dene, Escondido, CA, USA",33.1810609616,-117.1164042503,498,,,,498,,,FALSE,gps,gps,Common Bed Bug,Cimex lectularius,Common Bed Bug,Insecta,69658
62159904,Fri Oct 09 2020 18:01:19 GMT-0700 (PDT),2020-10-09,2020-10-10 01:01:19 UTC,Pacific Time (US & Canada),788371,anorman,Avity Norman,2020-10-10 01:02:31 UTC,2020-11-09 02:26:50 UTC,research,CC-BY-NC,https://www.inaturalist.org/observations/62159904,https://inaturalist-open-data.s3.amazonaws.com/photos/99557843/medium.jpg,,,,1,0,FALSE,3,"Decoto Rd, Union City, CA, US",37.5908304889,-122.0216872471,65,,,,65,,,FALSE,,,Common Bed Bug,Cimex lectularius,Common Bed Bug,Insecta,69658
65653771,2009-11-08,2009-11-08,,Pacific Time (US & Canada),381050,pjbryant,,2020-11-26 20:19:02 UTC,2023-02-20 23:47:18 UTC,needs_id,CC-BY-NC,https://www.inaturalist.org/observations/65653771,https://static.inaturalist.org/photos/105707166/medium.jpeg,,,,0,0,FALSE,,"San Clemente, Orange County, California,  USA",33.4273521,-117.6126004,,,,,,,,FALSE,,,,Hesperocimex coloradensis,Colorado Bed Bug,Insecta,221230
65653778,2009-11-06,2009-11-06,,Pacific Time (US & Canada),381050,pjbryant,,2020-11-26 20:19:10 UTC,2023-02-20 23:47:17 UTC,needs_id,CC-BY-NC,https://www.inaturalist.org/observations/65653778,https://static.inaturalist.org/photos/105707177/medium.jpeg,,,,0,0,FALSE,,"San Clemente, Orange County, California,  USA",33.4273521,-117.6126004,,,,,,,,FALSE,,,,Hesperocimex coloradensis,Colorado Bed Bug,Insecta,221230
65951122,Tue Dec 01 2020 11:23:11 GMT-0800 (PST),2020-12-01,2020-12-01 19:23:11 UTC,Pacific Time (US & Canada),3724641,mpate032,Mikin Patel,2020-12-01 19:25:13 UTC,2023-07-03 09:14:47 UTC,research,CC-BY-NC,https://www.inaturalist.org/observations/65951122,https://static.inaturalist.org/photos/106236001/medium.jpg,,,Found this insect walking around the edges of a pillowcase. It stayed still after light was shined on it and once the room lights were turned on. It might be to avoid predators.,2,0,FALSE,3,"California, US",38.4253277055,-121.4480755784,25,,,,28240,obscured,,TRUE,,,Common Bed Bug,Cimex lectularius,Common Bed Bug,Insecta,69658
66448579,Fri Dec 11 2020 18:27:13 GMT-0800 (PST),2020-12-11,2020-12-12 02:27:13 UTC,Pacific Time (US & Canada),3539521,beatriz312,Beatriz,2020-12-12 02:27:56 UTC,2022-11-26 05:23:29 UTC,needs_id,CC-BY-NC,https://www.inaturalist.org/observations/66448579,https://inaturalist-open-data.s3.amazonaws.com/photos/107121368/medium.jpg,,,,2,0,FALSE,3,"Marvin Braude Bike Path, Los Angeles, CA, US",33.9213352616,-118.4309008446,2785,,,,2785,,,FALSE,,,Cimex,Cimex,,Insecta,69660
67197550,Mon Dec 28 2020 08:09:55 GMT-0800 (PST),2020-12-28,2020-12-28 16:09:55 UTC,Pacific Time (US & Canada),3876601,marandaj,,2020-12-28 16:14:57 UTC,2021-01-11 17:37:09 UTC,needs_id,CC-BY-NC,https://www.inaturalist.org/observations/67197550,https://inaturalist-open-data.s3.amazonaws.com/photos/108508852/medium.jpg,,,,1,0,FALSE,3,"S Eureka St, Redlands, CA, US",34.0508592489,-117.1816092913,20986,,,,20986,,,FALSE,,,–ü–æ—Å—Ç–µ–ª—å–Ω—ã–µ –∫–ª–æ–ø—ã,Cimicidae,Bed Bugs,Insecta,53667
67491139,Sat Jan 02 2021 17:56:56 GMT-0800 (PST),2021-01-02,2021-01-02 17:56:56 UTC,UTC,3707856,macortes1,,2021-01-03 01:57:00 UTC,2021-01-03 02:10:11 UTC,needs_id,CC-BY-NC,https://www.inaturalist.org/observations/67491139,https://inaturalist-open-data.s3.amazonaws.com/photos/109054655/medium.jpg,,,,0,0,FALSE,3,"Greenfield Dr, El Cajon, CA, US",32.8017415558,-116.9053945602,65,,,,65,,,FALSE,,,,Cimicidae,Bed Bugs,Insecta,53667
67491251,Sat Jan 02 2021 17:59:41 GMT-0800 (PST),2021-01-02,2021-01-02 17:59:41 UTC,UTC,3707856,macortes1,,2021-01-03 01:59:44 UTC,2021-01-03 21:37:40 UTC,research,CC-BY-NC,https://www.inaturalist.org/observations/67491251,https://inaturalist-open-data.s3.amazonaws.com/photos/109055768/medium.jpg,,,,1,0,FALSE,3,"Greenfield Dr, El Cajon, CA, US",32.8015173457,-116.9054043042,65,,,,65,,,FALSE,,,Common Bed Bug,Cimex lectularius,Common Bed Bug,Insecta,69658
73222595,Wed Apr 07 2021 08:45:00 GMT-0700 (PDT),2021-04-07,2021-04-07 15:45:00 UTC,Pacific Time (US & Canada),108876,wyattherp,,2021-04-07 19:22:39 UTC,2021-04-07 19:49:52 UTC,needs_id,CC-BY-NC,https://www.inaturalist.org/observations/73222595,https://inaturalist-open-data.s3.amazonaws.com/photos/119521066/medium.jpg,,,,0,0,FALSE,3,"Rancho San Antonio County Park, Los Altos, CA, US",37.3313836696,-122.0959304808,22,,,,22,,,FALSE,,,,Cimex pilosellus,Western Bat Bug,Insecta,130009
73354274,2016/09/14 6:02 PM EDT,2016-09-14,2016-09-14 22:02:00 UTC,Eastern Time (US & Canada),65794,j-stauffer,Jeff Stauffer,2021-04-09 01:26:11 UTC,2023-12-04 05:22:43 UTC,research,,https://www.inaturalist.org/observations/73354274,https://static.inaturalist.org/photos/119743395/medium.jpg,,Camp Hess Kramer,Camp Hess Kramer,2,0,FALSE,,"Ventura County, CA, USA",34.0564749228,-118.9650802602,12,,,,12,,,FALSE,,,Common Bed Bug,Cimex lectularius,Common Bed Bug,Insecta,69658
73995198,2021/04/14 4:28 PM PDT,2021-04-14,2021-04-14 23:28:00 UTC,Pacific Time (US & Canada),234657,bamm321,Chris W.,2021-04-14 23:41:55 UTC,2024-04-17 20:51:22 UTC,research,CC-BY-NC,https://www.inaturalist.org/observations/73995198,https://inaturalist-open-data.s3.amazonaws.com/photos/120881347/medium.jpg,,,,2,0,FALSE,,"Rancho Mirage, CA 92270, USA",33.7742270162,-116.4417516232,183,,,,183,,,FALSE,,,Common Bed Bug,Cimex lectularius,Common Bed Bug,Insecta,69658
79209008,2021-05-17 15:54:40,2021-05-17,2021-05-17 22:54:40 UTC,Pacific Time (US & Canada),4427335,nancy882,Nancy DeBruce,2021-05-17 22:55:31 UTC,2021-05-20 05:44:36 UTC,needs_id,,https://www.inaturalist.org/observations/79209008,https://static.inaturalist.org/photos/129717405/medium.jpeg,,,,0,0,FALSE,2,"Walnut Village, Fontana, CA 92336, USA",34.1355216667,-117.4288316667,5,,,,5,,,FALSE,,,,Cimicidae,Bed Bugs,Insecta,53667
79209651,2021-05-17 15:57:29,2021-05-17,2021-05-17 22:57:29 UTC,Pacific Time (US & Canada),4427335,nancy882,Nancy DeBruce,2021-05-17 23:02:07 UTC,2023-06-16 09:11:56 UTC,research,,https://www.inaturalist.org/observations/79209651,https://static.inaturalist.org/photos/129717518/medium.jpeg,,,,2,0,FALSE,2,"Walnut Village, Fontana, CA 92336, USA",34.13554,-117.4287616667,6,,,,6,,,FALSE,,,Common Bed Bug,Cimex lectularius,Common Bed Bug,Insecta,69658
79209677,2021-05-17 15:58:22,2021-05-17,2021-05-17 22:58:22 UTC,Pacific Time (US & Canada),4427335,nancy882,Nancy DeBruce,2021-05-17 23:02:16 UTC,2021-05-20 05:46:15 UTC,needs_id,,https://www.inaturalist.org/observations/79209677,https://static.inaturalist.org/photos/129717539/medium.jpeg,,,,0,0,FALSE,2,"Walnut Village, Fontana, CA 92336, USA",34.1355366667,-117.4287133333,5,,,,5,,,FALSE,,,,Cimicidae,Bed Bugs,Insecta,53667
79568563,2021/05/17 9:59 PM EDT,2021-05-17,2021-05-18 01:59:00 UTC,Eastern Time (US & Canada),634385,moosegoose47,Austin Waag,2021-05-20 21:09:31 UTC,2021-05-20 21:09:31 UTC,needs_id,,https://www.inaturalist.org/observations/79568563,https://static.inaturalist.org/photos/130336964/medium.jpg,,,,0,0,FALSE,,"Siskiyou County, CA, USA",41.8919540871,-121.5612014229,10741,,,,10741,,,FALSE,,,Cimex,Cimex,,Insecta,69660
80044685,2021-05-23 17:24:46,2021-05-23,2021-05-24 00:24:46 UTC,Pacific Time (US & Canada),100933,caminogirl,,2021-05-24 00:47:36 UTC,2021-06-10 01:40:55 UTC,research,CC-BY-NC,https://www.inaturalist.org/observations/80044685,https://static.inaturalist.org/photos/131155400/medium.jpeg,,,,1,0,FALSE,2,"Los Angeles County, US-CA, US",33.6438103389,-118.1189525411,61,,,,28930,obscured,,TRUE,gps,gps,Common Bed Bug,Cimex lectularius,Common Bed Bug,Insecta,69658
81622356,2021/06/03 4:02 PM PDT,2021-06-03,2021-06-03 23:02:00 UTC,Pacific Time (US & Canada),4527049,ashneen,Ashneen Rahman,2021-06-04 21:39:26 UTC,2022-11-26 05:19:20 UTC,research,CC-BY-NC,https://www.inaturalist.org/observations/81622356,https://inaturalist-open-data.s3.amazonaws.com/photos/133885772/medium.jpg,,,"Length: 2.5 mm possible third stage larva
This was determined because my apartment had bed bugs",1,0,FALSE,,"Isla Vista, CA 93117, USA",34.4103305556,-119.8640361111,11,,,,11,,,FALSE,,,Common Bed Bug,Cimex lectularius,Common Bed Bug,Insecta,69658
82357329,2021/06/09 1:32 PM PDT,2021-06-09,2021-06-09 20:32:00 UTC,Pacific Time (US & Canada),53979,owicki,Jack Owicki,2021-06-09 23:12:06 UTC,2021-07-09 22:29:47 UTC,research,CC-BY-NC-SA,https://www.inaturalist.org/observations/82357329,https://inaturalist-open-data.s3.amazonaws.com/photos/135160192/medium.jpg,,"swallow, bedbug.","At the entrance of a Cliff-Swallow nest under the eaves of a building in the Palo Alto Baylands.  Adult and nestling swallows were active in nearby nests, but this one is currently occupied by a Pacific Gopher Snake.

Eggs are visible.

The ventral view in the second photo is courtesy of a spider that had caught the bug in its web.",1,0,FALSE,,"Lucy Evans Interpretative Center, Palo Alto, CA, USA",37.4593004758,-122.1063523403,110,,,,110,,,FALSE,,,swallow nest bug,Oeciacus vicarius,swallow nest bug,Insecta,453995
83229327,Tue Jun 15 2021 22:03:56 GMT-0700 (PDT),2021-06-15,2021-06-16 05:03:56 UTC,Pacific Time (US & Canada),1429082,emmafarnum,,2021-06-16 05:55:27 UTC,2021-06-16 05:55:39 UTC,needs_id,CC-BY-NC,https://www.inaturalist.org/observations/83229327,https://inaturalist-open-data.s3.amazonaws.com/photos/136676458/medium.jpg,,,"Maybe flea? Not sure, need help ",0,0,FALSE,3,"Kathryn St, Murrieta, CA, US",33.5741883333,-117.2368783333,5,,,,5,,,FALSE,,,,Cimicidae,Bed Bugs,Insecta,53667
83443964,Thu Jun 17 2021 09:05:08 GMT-0700 (PDT),2021-06-17,2021-06-17 16:05:08 UTC,Pacific Time (US & Canada),697682,alsion,,2021-06-17 22:57:02 UTC,2021-06-25 13:19:57 UTC,needs_id,,https://www.inaturalist.org/observations/83443964,https://static.inaturalist.org/photos/137045677/medium.jpg,,,Found in close proximity to a bat,2,0,FALSE,3,"Lincoln St, Calpine, CA, US",39.5819333333,-120.370155,5,,,,5,,,FALSE,,,Cimex,Cimex,,Insecta,69660
84028068,Mon Jun 21 2021 23:41:08 GMT-0700 (PDT),2021-06-21,2021-06-22 06:41:08 UTC,Pacific Time (US & Canada),3387769,kevindurantula,Scout Coneja,2021-06-22 06:42:43 UTC,2021-06-22 18:30:03 UTC,needs_id,,https://www.inaturalist.org/observations/84028068,https://static.inaturalist.org/photos/138064527/medium.jpg,,,,0,0,FALSE,3,"E Colorado Blvd, Pasadena, CA, US",34.1457721667,-118.099625,25,,,,25,,,FALSE,,,,Cimex lectularius,Common Bed Bug,Insecta,69658
84646594,Thu Oct 13 2016 09:58:49 GMT-0700 (PDT),2016-10-13,2016-10-13 16:58:49 UTC,Pacific Time (US & Canada),464542,william_hoyer,,2021-06-27 02:49:24 UTC,2023-12-04 05:22:17 UTC,research,CC-BY-NC,https://www.inaturalist.org/observations/84646594,https://inaturalist-open-data.s3.amazonaws.com/photos/139144189/medium.jpg,,,,2,0,FALSE,3,"San Nicolas Naval Facility, CA, US",33.2550466667,-119.4865583333,5,,,,5,,,FALSE,,,Common Bed Bug,Cimex lectularius,Common Bed Bug,Insecta,69658
103516253,Wed May 13 2020 17:56:03 GMT-0700 (PDT),2020-05-13,2020-05-14 00:56:03 UTC,Pacific Time (US & Canada),5263705,mymaridae,,2021-12-23 07:54:41 UTC,2023-02-15 19:54:57 UTC,research,CC-BY-NC,https://www.inaturalist.org/observations/103516253,https://inaturalist-open-data.s3.amazonaws.com/photos/173268225/medium.jpg,,,"Had a small infestation that was effectively eradicated. 
",1,0,FALSE,3,"F St, Davis, CA, US",38.552658279,-121.7422847066,34,,,,34,,,FALSE,,,Common Bed Bug,Cimex lectularius,Common Bed Bug,Insecta,69658
103836613,Tue Dec 28 2021 08:29:17 GMT-0800 (PST),2021-12-28,2021-12-28 08:29:17 UTC,UTC,1799094,kevinserver,Kevin Server,2021-12-28 19:08:58 UTC,2023-06-16 09:11:10 UTC,research,,https://www.inaturalist.org/observations/103836613,https://static.inaturalist.org/photos/173888187/medium.jpg,,,,1,0,FALSE,3,"Lincoln Ave, Calistoga, CA, US",38.5840015257,-122.5758451916,35,,,,35,,,FALSE,,,Common Bed Bug,Cimex lectularius,Common Bed Bug,Insecta,69658
105320720,2022-01-17 15:15:09Z,2022-01-17,2022-01-17 15:15:09 UTC,UTC,42472,xpda,Robert Webster,2022-01-21 18:08:48 UTC,2023-12-25 22:03:36 UTC,research,CC0,https://www.inaturalist.org/observations/105320720,https://inaturalist-open-data.s3.amazonaws.com/photos/176689325/medium.jpg,,,"Size: 4.6 mm
Found in motel bedding.",3,0,FALSE,393,"Kern County, US-CA, US",35.64098,-117.6678,,,,,,,,FALSE,,,Cimex lectularius,Cimex lectularius,Common Bed Bug,Insecta,69658
106681319,Fri Feb 11 2022 04:35:12 GMT-0800 (PST),2022-02-11,2022-02-11 04:35:12 UTC,UTC,214554,nancyb,,2022-02-13 15:42:55 UTC,2022-04-16 14:42:29 UTC,needs_id,CC-BY-NC,https://www.inaturalist.org/observations/106681319,https://inaturalist-open-data.s3.amazonaws.com/photos/179263488/medium.jpg,,,Very small! We wonder if it may have come out of a Cliff Swallow nest.,1,0,FALSE,3,"Yokohl Dr, Springville, CA, US",36.22337,-118.83027,10,,,,10,,,FALSE,,,Cimex,Cimex,,Insecta,69660
106731653,Sat Feb 12 2022 14:55:07 GMT-0800 (PST),2022-02-12,2022-02-12 14:55:07 UTC,UTC,4343654,gwentomologist,,2022-02-14 06:53:05 UTC,2023-02-20 23:47:56 UTC,needs_id,CC-BY-NC,https://www.inaturalist.org/observations/106731653,https://inaturalist-open-data.s3.amazonaws.com/photos/179360390/medium.jpg,,,,0,0,FALSE,3,"CA-16, Guinda, CA, US",38.91035,-122.2807833333,6,,,,6,,,FALSE,,,,Oeciacus vicarius,swallow nest bug,Insecta,453995
106988865,2022-02-18 08:46:46,2022-02-18,2022-02-18 16:46:46 UTC,Pacific Time (US & Canada),4498235,nikolette_dussault,Nikolette Dussault,2022-02-18 19:38:12 UTC,2022-04-16 14:42:09 UTC,needs_id,,https://www.inaturalist.org/observations/106988865,https://static.inaturalist.org/photos/179853206/medium.jpeg,,,,2,0,FALSE,2,"Mid-City, Santa Monica, CA, USA",34.0313222222,-118.4823083333,15,,,,15,,,FALSE,,,Cimex,Cimex,,Insecta,69660
109696084,Sun Mar 27 2022 14:52:18 GMT-0700 (PDT),2022-03-27,2022-03-27 21:52:18 UTC,Pacific Time (US & Canada),5363938,gio_miranda18,,2022-03-27 21:53:00 UTC,2023-06-16 09:10:53 UTC,research,CC-BY-NC,https://www.inaturalist.org/observations/109696084,https://inaturalist-open-data.s3.amazonaws.com/photos/184927086/medium.jpg,,,,1,0,FALSE,3,"Water and Power Rd, Los Angeles, CA, US",34.2583581336,-118.3357162444,35971,,,,35971,,,FALSE,,,Common Bed Bug,Cimex lectularius,Common Bed Bug,Insecta,69658
110296342,2022-04-03 09:17:39,2022-04-03,2022-04-03 16:17:39 UTC,Pacific Time (US & Canada),3022630,hightop9000,Brandon,2022-04-03 16:18:51 UTC,2023-07-03 09:14:56 UTC,research,,https://www.inaturalist.org/observations/110296342,https://static.inaturalist.org/photos/186037645/medium.jpeg,,,,2,0,FALSE,2,"Sierra Oaks, Sacramento, CA, USA",38.56774837,-121.40548462,9,,,,9,,,FALSE,,,Cimex lectularius,Cimex lectularius,Common Bed Bug,Insecta,69658
111165434,2022-04-11 20:11:06,2022-04-11,2022-04-12 03:11:06 UTC,Pacific Time (US & Canada),4016678,g_satt,,2022-04-12 03:25:42 UTC,2022-04-16 14:39:03 UTC,needs_id,CC-BY-NC,https://www.inaturalist.org/observations/111165434,https://static.inaturalist.org/photos/187630279/medium.jpeg,,,,2,0,FALSE,2,"McHenry Library, Santa Cruz, CA 95064, USA",36.995846,-122.058839,,,,,,,,FALSE,gps,gps,Cimex,Cimex,,Insecta,69660
111258813,2022/04/12 4:37 PM PDT,2022-04-12,2022-04-12 23:37:00 UTC,Pacific Time (US & Canada),1486892,drbrachydactyl,,2022-04-13 00:02:13 UTC,2023-02-20 23:47:54 UTC,research,CC-BY-NC,https://www.inaturalist.org/observations/111258813,https://inaturalist-open-data.s3.amazonaws.com/photos/187797210/medium.jpg,,,Found in the freshly broken fragments :( of a cliff swallow's nest. 3-4 mm long.,1,0,FALSE,,"26455 Rockwell Canyon Rd, Santa Clarita, CA 91355, USA",34.4042187,-118.5696313,1148,,,,1148,,,FALSE,,,swallow nest bug,Oeciacus vicarius,swallow nest bug,Insecta,453995
111535236,Fri Apr 15 2022 09:37:31 GMT-0700 (PDT),2022-04-15,2022-04-15 16:37:31 UTC,Pacific Time (US & Canada),5402073,bgmurbanen022,Sen Miao,2022-04-15 16:42:11 UTC,2022-11-26 05:24:50 UTC,needs_id,,https://www.inaturalist.org/observations/111535236,https://static.inaturalist.org/photos/188295942/medium.jpg,,,,3,0,FALSE,3,"UC Riverside, Riverside, CA, US",33.9701337847,-117.325550035,35,,,,35,,,FALSE,,,Cimex,Cimex,,Insecta,69660
111536217,Fri Apr 15 2022 09:44:58 GMT-0700 (PDT),2022-04-15,2022-04-15 16:44:58 UTC,Pacific Time (US & Canada),5402073,bgmurbanen022,Sen Miao,2022-04-15 16:48:42 UTC,2023-06-16 09:10:56 UTC,research,,https://www.inaturalist.org/observations/111536217,https://static.inaturalist.org/photos/188297428/medium.jpg,,,,2,0,FALSE,3,"UC Riverside, Riverside, CA, US",33.9701302456,-117.3255361142,35,,,,35,,,FALSE,,,Common Bed Bug,Cimex lectularius,Common Bed Bug,Insecta,69658
115634157,2022-02-06 20:30:17-08:00,2022-02-06,2022-02-07 04:30:17 UTC,Pacific Time (US & Canada),5635168,lisamendoza10,,2022-05-05 21:43:13 UTC,2022-05-07 01:59:02 UTC,research,CC-BY-NC,https://www.inaturalist.org/observations/115634157,https://inaturalist-open-data.s3.amazonaws.com/photos/195158968/medium.jpg,,,,1,0,FALSE,3,"McAfee Ct, Thousand Oaks, CA, US",34.2265583333,-118.8748866667,4,,,,4,,,FALSE,,,Common Bed Bug,Cimex lectularius,Common Bed Bug,Insecta,69658
115821334,2018/02/27 12:26 AM,2018-02-27,2018-02-27 08:26:00 UTC,Pacific Time (US & Canada),3617690,sophiacara,Sophia Carangalan,2022-05-07 00:08:27 UTC,2022-05-07 02:21:34 UTC,research,,https://www.inaturalist.org/observations/115821334,https://static.inaturalist.org/photos/195476639/medium.jpeg,,,"found only one on me after getting home from a restaurant, never got an infestation",1,0,FALSE,,"Eastlake Greens, Chula Vista, CA, USA",32.6285586479,-116.9610751589,696,,,,696,,,FALSE,,,Common Bed Bug,Cimex lectularius,Common Bed Bug,Insecta,69658
117362948,2022-05-13 00:18:04,2022-05-13,2022-05-13 07:18:04 UTC,Pacific Time (US & Canada),1384523,poet_and_the_snails,Row,2022-05-16 21:02:12 UTC,2022-06-09 02:45:32 UTC,needs_id,CC-BY-NC,https://www.inaturalist.org/observations/117362948,https://inaturalist-open-data.s3.amazonaws.com/photos/198197173/medium.jpeg,,,,2,0,FALSE,2,"Fresno County, US-CA, US",36.7543622055,-119.8624147773,,,,,28505,obscured,,TRUE,gps,gps,Cimex,Cimex,,Insecta,69660
118564447,2022-04-25 08:39:00-07:00,2022-04-25,2022-04-25 15:39:00 UTC,Pacific Time (US & Canada),5695273,samantha_hernandez1,Samantha Hernandez,2022-05-24 20:40:26 UTC,2023-12-04 05:23:05 UTC,research,,https://www.inaturalist.org/observations/118564447,https://static.inaturalist.org/photos/200335544/medium.jpg,,,,3,0,FALSE,3,"La Quinta, CA, US",33.6609125,-116.2735725,4628,,,,4628,,,FALSE,,,Common Bed Bug,Cimex lectularius,Common Bed Bug,Insecta,69658
119866809,2022-06-02 06:31:37,2022-06-02,2022-06-02 13:31:37 UTC,Pacific Time (US & Canada),4087538,axarus,Sean Werle,2022-06-02 13:35:49 UTC,2023-02-20 23:53:11 UTC,needs_id,CC-BY-NC,https://www.inaturalist.org/observations/119866809,https://inaturalist-open-data.s3.amazonaws.com/photos/202678553/medium.jpeg,,,,0,0,FALSE,2,"Catheys Valley, CA 95306, USA",37.4032916,-120.0948836997,,,,,,,,FALSE,gps,gps,Western Bat Bug,Cimex pilosellus,Western Bat Bug,Insecta,130009
122963635,2022-06-22 09:06:58,2022-06-22,2022-06-22 16:06:58 UTC,Pacific Time (US & Canada),4087538,axarus,Sean Werle,2022-06-22 16:12:39 UTC,2022-06-22 16:22:00 UTC,needs_id,CC-BY-NC,https://www.inaturalist.org/observations/122963635,https://inaturalist-open-data.s3.amazonaws.com/photos/208253908/medium.jpeg,,,"Second one I've seen, very close to an occupied bat box. 8 mm long.",0,0,FALSE,2,"Catheys Valley, CA 95306, USA",37.4031599722,-120.0948819722,,,,,,,,FALSE,gps,gps,Western Bat Bug,Cimex pilosellus,Western Bat Bug,Insecta,130009
123644144,2022-06-26 12:37:15-07:00,2022-06-26,2022-06-26 19:37:15 UTC,Pacific Time (US & Canada),3416518,nettiecat,Annette Herz,2022-06-27 03:25:31 UTC,2022-10-10 21:15:16 UTC,needs_id,,https://www.inaturalist.org/observations/123644144,https://static.inaturalist.org/photos/209480601/medium.jpg,,,,3,1,FALSE,3,"Franklin Blvd, Elk Grove, CA, US",38.258595,-121.440345,4,,,,4,,,FALSE,,,Bed Bugs,Cimicidae,Bed Bugs,Insecta,53667
130069560,Sat Aug 06 2022 04:17:56 GMT -0400 (EDT),2022-08-06,2022-08-06 11:17:56 UTC,Pacific Time (US & Canada),1873335,scuttlebugg,Hannah Eilers,2022-08-09 03:59:02 UTC,2022-08-09 20:47:36 UTC,needs_id,,https://www.inaturalist.org/observations/130069560,https://static.inaturalist.org/photos/221140131/medium.jpeg,,,"Brother found this and we flipped out thinking it could be a bed bug. Unsure of size, as I was not present.",1,0,FALSE,333,Tracy,37.7157859802,-121.4702529907,5534,,,,5534,,,FALSE,,,Bed Bugs,Cimicidae,Bed Bugs,Insecta,53667
132685435,2022-08-28 13:45:21-07:00,2022-08-28,2022-08-28 20:45:21 UTC,Pacific Time (US & Canada),1865163,darnishaferguson,darnisha ferguson,2022-08-28 20:45:36 UTC,2022-11-26 05:25:33 UTC,research,,https://www.inaturalist.org/observations/132685435,https://static.inaturalist.org/photos/225925864/medium.jpg,,,,1,0,FALSE,3,"Scripps Mercy Hospital, San Diego, CA, US",32.7513638574,-117.1605691568,35,,,,35,,,FALSE,,,Common Bed Bug,Cimex lectularius,Common Bed Bug,Insecta,69658
133055071,2022-08-31 01:21:03,2022-08-31,2022-08-31 08:21:03 UTC,Pacific Time (US & Canada),5795192,coddler,,2022-08-31 08:32:33 UTC,2023-06-16 09:10:29 UTC,research,CC-BY-NC,https://www.inaturalist.org/observations/133055071,https://static.inaturalist.org/photos/226583343/medium.jpeg,,,,1,0,FALSE,2,Ostenberg Drive,37.2307045194,-121.8796473742,192,,,,192,,,FALSE,,,Common Bed Bug,Cimex lectularius,Common Bed Bug,Insecta,69658
133111805,2022-08-31 11:38:31,2022-08-31,2022-08-31 18:38:31 UTC,Pacific Time (US & Canada),4087538,axarus,Sean Werle,2022-08-31 18:41:49 UTC,2022-08-31 18:42:04 UTC,needs_id,CC-BY-NC,https://www.inaturalist.org/observations/133111805,https://inaturalist-open-data.s3.amazonaws.com/photos/226684624/medium.jpeg,,,Was on a windowsill right near the occupied bat house,0,0,FALSE,2,"Catheys Valley, CA 95306, USA",37.4032189722,-120.094729,,,,,,,,FALSE,gps,gps,Western Bat Bug,Cimex pilosellus,Western Bat Bug,Insecta,130009
134085778,2022-09-07 13:21:06,2022-09-07,2022-09-07 20:21:06 UTC,Pacific Time (US & Canada),6117441,coronerkid,Ollie,2022-09-07 20:21:44 UTC,2024-01-19 21:55:53 UTC,research,CC-BY-NC,https://www.inaturalist.org/observations/134085778,https://inaturalist-open-data.s3.amazonaws.com/photos/228494336/medium.jpeg,,,My house is currently infested with bed bugs,2,0,FALSE,2,"Canyon Country, Santa Clarita, CA, USA",34.42286462,-118.45974719,4,,,,4,,,FALSE,,,Common Bed Bug,Cimex lectularius,Common Bed Bug,Insecta,69658
136832374,2022-09-28 11:20:06-07:00,2022-09-28,2022-09-28 18:20:06 UTC,Pacific Time (US & Canada),641893,danceswithwolves,,2022-09-28 18:44:35 UTC,2022-11-26 05:49:37 UTC,research,,https://www.inaturalist.org/observations/136832374,https://static.inaturalist.org/photos/233590481/medium.jpg,,,,2,0,FALSE,3,"Sweetbrier Cir, Lafayette, CA, US",37.8651383333,-122.095825,6,,,,6,,,FALSE,,,Common Bed Bug,Cimex lectularius,Common Bed Bug,Insecta,69658
138546285,2022-10-04 15:19:30,2022-10-04,2022-10-04 22:19:30 UTC,Pacific Time (US & Canada),718187,jspaulding,,2022-10-12 21:04:56 UTC,2022-11-26 05:26:32 UTC,research,CC-BY-NC,https://www.inaturalist.org/observations/138546285,https://inaturalist-open-data.s3.amazonaws.com/photos/236825082/medium.jpeg,,,,2,0,FALSE,2,"Euclid Av & 4th St, National City, CA 91950, USA",32.6858190754,-117.0830761269,156,,,,156,,,FALSE,gps,gps,Common Bed Bug,Cimex lectularius,Common Bed Bug,Insecta,69658
139276553,2022-10-18 15:41:30-07:00,2022-10-18,2022-10-18 22:41:30 UTC,Pacific Time (US & Canada),556638,joegator65,,2022-10-18 22:41:33 UTC,2022-11-26 05:49:08 UTC,research,,https://www.inaturalist.org/observations/139276553,https://static.inaturalist.org/photos/238185991/medium.jpg,,,,2,0,FALSE,3,"W Lincoln Ave, Anaheim, CA, US",33.8347311444,-117.9186990599,65,,,,65,,,FALSE,,,Common Bed Bug,Cimex lectularius,Common Bed Bug,Insecta,69658
143335490,2022-11-29 23:28:36-08:00,2022-11-29,2022-11-30 07:28:36 UTC,Pacific Time (US & Canada),6348206,giohernandez1022,,2022-11-30 07:28:38 UTC,2022-12-07 04:05:59 UTC,needs_id,CC-BY-NC,https://www.inaturalist.org/observations/143335490,https://inaturalist-open-data.s3.amazonaws.com/photos/245805966/medium.jpg,,,,1,0,FALSE,3,"Victory Blvd, Los Angeles, CA, US",34.1868955217,-118.4560687992,35,,,,35,,,FALSE,,,Bed Bugs,Cimicidae,Bed Bugs,Insecta,53667
147232433,Mon Jan 23 2023 17:07:24 GMT -0800 (GMT-8),2023-01-23,2023-01-24 01:07:24 UTC,Pacific Time (US & Canada),5853235,isaac621,Isaac Franklin,2023-01-24 01:09:54 UTC,2023-01-25 23:19:35 UTC,needs_id,,https://www.inaturalist.org/observations/147232433,https://static.inaturalist.org/photos/253309883/medium.jpeg,,,,1,0,FALSE,333,Bakersfield,35.3974647522,-119.0928878784,82,,,,82,,,FALSE,,,Cimex,Cimex,,Insecta,69660
152106884,2023-03-22 15:01:46,2023-03-22,2023-03-22 22:01:46 UTC,Pacific Time (US & Canada),2600473,calelewi,,2023-03-24 05:14:49 UTC,2023-03-24 05:14:53 UTC,needs_id,CC-BY-NC,https://www.inaturalist.org/observations/152106884,https://inaturalist-open-data.s3.amazonaws.com/photos/262541746/medium.jpeg,,,,0,0,FALSE,2,Crescent City,41.7557012744,-124.2025912553,12482,,,,12482,,,FALSE,gps,gps,Bed Bugs,Cimicidae,Bed Bugs,Insecta,53667
154364401,2023/04/07,2023-04-07,,Pacific Time (US & Canada),811913,abcdefgewing,abcdefgewing,2023-04-11 01:43:30 UTC,2023-08-24 20:12:45 UTC,research,CC-BY-NC,https://www.inaturalist.org/observations/154364401,https://inaturalist-open-data.s3.amazonaws.com/photos/266711248/medium.jpeg,,,"Found on bed in hotel room. First time I have seen a live one, and I was amazed by how fast they can run and how strong they are in holding on tight. This one was as thin as a piece of paper, so had not had a recent meal.",1,0,FALSE,,"Lake Forest, CA, USA",33.6259804187,-117.7158493976,8,,,,8,,,FALSE,,,Common Bed Bug,Cimex lectularius,Common Bed Bug,Insecta,69658
159977994,2023-04-29 15:00:00-07:00,2023-04-29,2023-04-29 22:00:00 UTC,Pacific Time (US & Canada),6457159,mar_her,Mariana Hernandez,2023-05-06 00:26:06 UTC,2023-12-04 05:21:00 UTC,research,,https://www.inaturalist.org/observations/159977994,https://static.inaturalist.org/photos/276423816/medium.jpg,,,"Is small and dark brown color, was found on sofa. ",2,0,FALSE,3,"E Tulare St, Fresno, CA, US",36.7435329743,-119.7435203417,267,,,,267,,,FALSE,,,Common Bed Bug,Cimex lectularius,Common Bed Bug,Insecta,69658
163907137,2023/05/12 5:54 PM,2023-05-12,2023-05-13 00:54:00 UTC,Pacific Time (US & Canada),116788,isaac_krone,Isaac Krone,2023-05-27 00:33:29 UTC,2023-05-29 04:28:45 UTC,needs_id,CC-BY,https://www.inaturalist.org/observations/163907137,https://inaturalist-open-data.s3.amazonaws.com/photos/283545818/medium.jpg,,,"Host:
https://www.inaturalist.org/observations/163907136",0,0,FALSE,,"Hastings Natural History Reserve, Monterey, UC Natural Reserve System, California, United States",36.3868293667,-121.55000305,,,,,,,,FALSE,,,Cimex pilosellus,Cimex pilosellus,Western Bat Bug,Insecta,130009
165831318,2023-06-05 19:01:19,2023-06-05,2023-06-06 02:01:19 UTC,Pacific Time (US & Canada),6529959,archerfishareawesome,Alexis,2023-06-06 02:04:14 UTC,2023-08-24 20:12:31 UTC,research,,https://www.inaturalist.org/observations/165831318,https://static.inaturalist.org/photos/287102673/medium.jpeg,,,,2,0,FALSE,2,"Lyon Street, Santa Ana, CA, USA",33.7428876697,-117.8494754434,24,,,,24,,,FALSE,gps,gps,Common Bed Bug,Cimex lectularius,Common Bed Bug,Insecta,69658
172526956,2023-07-12 01:33:31,2023-07-12,2023-07-12 08:33:31 UTC,Pacific Time (US & Canada),219080,roycecumming,Royce Cumming,2023-07-12 16:22:31 UTC,2023-07-12 16:22:46 UTC,needs_id,CC-BY-NC,https://www.inaturalist.org/observations/172526956,https://inaturalist-open-data.s3.amazonaws.com/photos/299515302/medium.jpeg,,,,0,0,FALSE,2,"Greenfield, CA 93927, USA",36.353222,-121.2013819722,,,,,,,,FALSE,gps,gps,Oeciacus,Oeciacus,,Insecta,453996
174798779,2023-07-24 07:59:47,2023-07-24,2023-07-24 14:59:47 UTC,Pacific Time (US & Canada),2548780,morromary,Mary Robinson,2023-07-25 02:45:50 UTC,2023-07-25 02:45:55 UTC,needs_id,CC-BY-NC,https://www.inaturalist.org/observations/174798779,https://inaturalist-open-data.s3.amazonaws.com/photos/303716481/medium.jpeg,,,,0,0,FALSE,2,Morro Bay,35.3659346908,-120.8499922603,6211,,,,6211,,,FALSE,gps,gps,Western Bat Bug,Cimex pilosellus,Western Bat Bug,Insecta,130009
177707757,2023-08-09 20:08:56,2023-08-09,2023-08-10 03:08:56 UTC,Pacific Time (US & Canada),1518277,boazsolorio,Boaz Benaiah Solorio,2023-08-10 18:47:33 UTC,2023-08-10 19:08:19 UTC,research,CC-BY-NC,https://www.inaturalist.org/observations/177707757,https://inaturalist-open-data.s3.amazonaws.com/photos/309112359/medium.jpeg,,,,1,0,FALSE,2,United States,34.1134852418,-117.825522168,2754014,,,,2754014,obscured,,TRUE,gps,gps,Western Bat Bug,Cimex pilosellus,Western Bat Bug,Insecta,130009
179802487,2023-08-21 20:21:57-07:00,2023-08-21,2023-08-22 03:21:57 UTC,Pacific Time (US & Canada),1455088,zenkique,Enrique Rodriguez,2023-08-23 09:34:16 UTC,2023-08-26 03:36:56 UTC,needs_id,,https://www.inaturalist.org/observations/179802487,https://static.inaturalist.org/photos/313096491/medium.jpg,,,Flea? Bed bug? I‚Äôve read bed bug bites should be painless but I only caught this thing because I felt a sting and just managed to see it crawling on my arm. Managed to catch it with some difficulty and I think I might‚Äôve damage a leg or more in the process but it was still alive and moving when I photographed it. The ring shape visible in the pictures is just about 4mm in diameter,0,0,FALSE,3,"Los Angeles County, US-CA, US",34.1688417369,-117.8436099204,10,,,,28874,obscured,,TRUE,,,,Cimex lectularius,Common Bed Bug,Insecta,69658
182282286,2023-09-07 21:40:23-07:00,2023-09-07,2023-09-08 04:40:23 UTC,Pacific Time (US & Canada),7339264,greta67284,Greta Butcher,2023-09-08 04:41:28 UTC,2023-09-08 07:53:20 UTC,needs_id,,https://www.inaturalist.org/observations/182282286,https://static.inaturalist.org/photos/317793178/medium.jpg,,,,0,0,FALSE,3,"26th St, San Francisco, CA, US",37.7485416667,-122.4288333333,35,,,,35,,,FALSE,,,,Cimicidae,Bed Bugs,Insecta,53667
184893355,2023-09-25 08:23:54-06:00,2023-09-25,2023-09-25 14:23:54 UTC,Pacific Time (US & Canada),5644617,sciencewithsam,Sam Anderton,2023-09-25 17:41:56 UTC,2023-09-29 16:38:54 UTC,needs_id,,https://www.inaturalist.org/observations/184893355,https://static.inaturalist.org/photos/322852619/medium.jpg,,,,0,0,FALSE,3,"Bayshore Hwy, Burlingame, CA, US",37.6021502459,-122.3703511601,68,,,,68,,,FALSE,,,,Cimex lectularius,Common Bed Bug,Insecta,69658
186755747,2023-10-07 16:39:52-07:00,2023-10-07,2023-10-07 23:39:52 UTC,Pacific Time (US & Canada),7500410,denny_huynh,Denny Huynh,2023-10-08 20:56:00 UTC,2024-02-14 17:03:35 UTC,research,,https://www.inaturalist.org/observations/186755747,https://static.inaturalist.org/photos/326437242/medium.jpg,,,,2,0,FALSE,3,"Noe St, San Francisco, CA, US",37.7622600376,-122.4332238542,5,,,,5,,,FALSE,,,Common Bed Bug,Cimex lectularius,Common Bed Bug,Insecta,69658
187005587,2005/08/11 3:04 AM,2005-08-11,2005-08-11 10:04:00 UTC,Pacific Time (US & Canada),7302265,markc666,,2023-10-10 16:11:31 UTC,2023-10-10 16:11:31 UTC,needs_id,CC-BY-NC,https://www.inaturalist.org/observations/187005587,https://inaturalist-open-data.s3.amazonaws.com/photos/326935400/medium.jpg,,,bat bug feeding on sleeping bat (Myotis?) in bat house at the Sierra Nevada Research Lab,0,0,FALSE,,"Mono County, CA, USA",37.6139197045,-118.8310011789,15,,,,15,,,FALSE,,,Western Bat Bug,Cimex pilosellus,Western Bat Bug,Insecta,130009
189999947,2023-11-04 13:11:42-07:00,2023-11-04,2023-11-04 20:11:42 UTC,Pacific Time (US & Canada),5396244,dooomgi,,2023-11-04 21:37:13 UTC,2023-11-04 21:37:31 UTC,needs_id,CC-BY-NC,https://www.inaturalist.org/observations/189999947,https://inaturalist-open-data.s3.amazonaws.com/photos/332975636/medium.jpg,,,,0,0,FALSE,3,"Abilene Dr, Trabuco Canyon, CA, US",33.5908383333,-117.5948633333,3,,,,3,,,FALSE,,,,Cimex lectularius,Common Bed Bug,Insecta,69658
190722816,2023-11-11 13:51:30,2023-11-11,2023-11-11 21:51:30 UTC,Pacific Time (US & Canada),247427,so-cal-bc-doc,,2023-11-11 21:59:29 UTC,2023-11-14 04:25:17 UTC,needs_id,CC-BY-NC,https://www.inaturalist.org/observations/190722816,https://inaturalist-open-data.s3.amazonaws.com/photos/334408939/medium.jpeg,,,Bat parasite,0,0,FALSE,2,"University, Riverside, CA 92507, USA",33.9932633996,-117.3161426559,15,,,,15,,,FALSE,,,Western Bat Bug,Cimex pilosellus,Western Bat Bug,Insecta,130009
191062293,2023-11-12 18:01:49-08:00,2023-11-12,2023-11-13 02:01:49 UTC,Pacific Time (US & Canada),7556156,imosierdelgado,,2023-11-15 04:32:44 UTC,2023-11-15 04:32:52 UTC,needs_id,CC-BY-NC,https://www.inaturalist.org/observations/191062293,https://inaturalist-open-data.s3.amazonaws.com/photos/335084579/medium.jpg,,,Bruh ,0,0,FALSE,3,"Pacific Ave, Santa Cruz, CA, US",36.9664611528,-122.0248467327,35,,,,35,,,FALSE,,,,Cimex,,Insecta,69660
191204194,2023-11-16 11:43:05,2023-11-16,2023-11-16 19:43:05 UTC,Pacific Time (US & Canada),447348,yamileth2,Yamileth Flores-Orihuela,2023-11-16 19:43:59 UTC,2023-12-03 08:34:59 UTC,needs_id,,https://www.inaturalist.org/observations/191204194,https://static.inaturalist.org/photos/335372127/medium.jpeg,,,,1,0,FALSE,2,"El Rancho High School, Pico Rivera, CA 90660, USA",33.9841635,-118.0879072,15,,,,15,,,FALSE,,,Common Bed Bug,Cimex lectularius,Common Bed Bug,Insecta,69658
191208918,2023-11-16 10:14:26-08:00,2023-11-16,2023-11-16 18:14:26 UTC,Pacific Time (US & Canada),108876,wyattherp,,2023-11-16 20:38:20 UTC,2023-12-03 08:34:29 UTC,research,CC-BY-NC,https://www.inaturalist.org/observations/191208918,https://inaturalist-open-data.s3.amazonaws.com/photos/335380662/medium.jpg,,,Found inside bat box. ,1,0,FALSE,3,"Los Gatos, CA, US",37.183655,-121.9992666667,3,,,,3,,,FALSE,,,Western Bat Bug,Cimex pilosellus,Western Bat Bug,Insecta,130009
192614366,2023-11-29 21:44:00-08:00,2023-11-29,2023-11-30 05:44:00 UTC,Pacific Time (US & Canada),427176,yaesh,,2023-11-30 05:45:21 UTC,2023-11-30 05:45:24 UTC,needs_id,,https://www.inaturalist.org/observations/192614366,https://static.inaturalist.org/photos/338171652/medium.jpg,,,,0,0,FALSE,3,"N Lincoln Way, Galt, CA, US",38.2671666667,-121.3029333333,5,,,,5,,,FALSE,,,,Cimex lectularius,Common Bed Bug,Insecta,69658
194949174,2018/07/06 8:57 AM,2018-07-06,2018-07-06 15:57:00 UTC,Pacific Time (US & Canada),2400389,aanguyen,Alexander Nguyen,2023-12-27 03:28:54 UTC,2024-01-17 04:37:53 UTC,needs_id,,https://www.inaturalist.org/observations/194949174,https://static.inaturalist.org/photos/342828945/medium.jpg,,"Animals, Arthropoda, Bilateria, California, Cimicidae, Ecdysozoa, Eukaryota, Hemiptera, Hexapoda, Insecta, Kyburz Flat, Metazoa, United States",Observed in swallow mud nests. ,1,0,FALSE,,"Sierra County, CA, USA",39.5041390526,-120.2400518137,1675,,,,1675,,,FALSE,,,swallow nest bug,Oeciacus vicarius,swallow nest bug,Insecta,453995
196895554,2024-01-16 21:46:45-08:00,2024-01-16,2024-01-17 05:46:45 UTC,Pacific Time (US & Canada),6429744,macyhoff,,2024-01-17 05:46:48 UTC,2024-01-19 03:23:55 UTC,needs_id,CC-BY-NC,https://www.inaturalist.org/observations/196895554,https://inaturalist-open-data.s3.amazonaws.com/photos/346643425/medium.jpg,,,,1,0,FALSE,3,"UC Santa Cruz, Santa Cruz, CA, US",36.9965208213,-122.0523883635,22,,,,22,,,FALSE,,,Bed Bugs,Cimex lectularius,Common Bed Bug,Insecta,69658
198136643,2024-01-30 08:31:54,2024-01-30,2024-01-30 16:31:54 UTC,Pacific Time (US & Canada),1627298,chpl_ee,Dale A Morgan,2024-02-01 15:14:08 UTC,2024-02-03 18:02:45 UTC,needs_id,CC-BY-NC,https://www.inaturalist.org/observations/198136643,https://inaturalist-open-data.s3.amazonaws.com/photos/349156928/medium.jpeg,,,,0,0,FALSE,2,"Mariposa County, CA, USA",37.8641628177,-119.5383296907,58814,,,,58814,,,FALSE,gps,gps,Cimex,Cimex,,Insecta,69660
203763818,Wed Feb 14 2024 14:30:43 GMT -0800 (PST),2024-02-14,2024-02-14 22:30:43 UTC,Pacific Time (US & Canada),1995968,abhainn,,2024-03-24 17:20:50 UTC,2024-03-24 17:20:54 UTC,needs_id,,https://www.inaturalist.org/observations/203763818,https://inaturalist-open-data.s3.amazonaws.com/photos/360060524/medium.jpeg,,,,0,0,FALSE,333,San Diego,32.8297157288,-117.2766342163,33,,,,33,,,FALSE,,,,Cimex,,Insecta,69660